When did this shutdown start?,What is the current status of the internet shutdown? Is it ongoing?,When did the shutdown finish?,Which country did the shutdown occur in?,What is the scope of the shutdown?,Which area(s) city(ies) or region(s) were affected by this shutdown?,What type of shutdown is this?,What services did this shutdown impact?,"Was this a full-network, or service-based, shutdown? ",Who ordered the shutdown?,Who was the decision maker? Please provide any further information you have on who ordered the shutdown.,What was the actual cause of the shutdown?,"Please provide further details on the actual cause of the internet shutdown, if known.",What is your primary source for this shutdown? ,"Please enter the reference links of the source if applicable. If there are more than one, divide them with a "";"" mark.",What was the official justification given for the shutdown?,Please give any further details on the official justification of the internet shutdown.,Has the Government acknowledged the shutdown?,Did the government or relevant authority give any legal justification or refer to a law?,"Did the government or relevant authority use a memo, court order or similar instrument? Please provide a brief summary.","Please include a link to the official statement relating to the shutdown, if available.","Please include a quote from the relevant authorities relating to the justification of the shutdown, if available.",Was Facebook specifically targeted?,Was Twitter specifically targeted?,Was WhatsApp specifically targeted?,Was Instagram specifically targeted?,Was Telegram specifically targeted?,Please list any other web-based services that were specifically targeted during the service-based shutdown. ,Were SMS services specifically targeted during the shutdown?,Were calling services specifically targeted during the shutdown?,Which Telco was involved in the shutting down of the internet or services?,Did the Telco acknowledge the shutdown happened?,"Please provide a source (one URL) if the Telco has acknowledged the shutdown, if possible.","Please provide a quote from the Telco if they have acknowledged the shutdown, if possible.",Did this shutdown involve an election?,Did this shutdown involve physical violence?,Have any human rights abuses been reported that specifically relate to this shutdown?,"Which of the following groups, if any, were impacted by the internet shutdown?",Please provide any further details on the users targeted in the shutdown.,Did users affected by the shutdown receive advance warning?,Please provide a short one- or two-sentence summary of the shutdown and the event that triggered it. Please note: This may be displayed publicly by Access Now.,"Please provide a reference link to an article about the shutdown on Access Now's homepage, if applicable.",Please include any notes about this shutdown you feel are relevant for the KIO team. They will not be shared with external partners. 
6/22/2019,Ended,2/3/2021,Myanmar,"It affected more than one city in the same state, province, or region","Buthidaung, Rathedaung, Myabon, Paletwa, Ponnagyun, Myauk-U, Kyauktaw and Minbya Townships in Rakhine State",Throttle,Mobile,Full network,Executive government,Myanmar Ministry of Transport and Communications (MoTC) ,Political instability,,News media article,https://www.accessnow.org/update-internet-access-censorship-myanmar/; https://www.telenor.com/network-restored-in-eight-townships-in-myanmar/,Fake news/ Hate speech/ Incendiary content/ Promoting violence,"Acts of terrorism, act of disturbance, and illegal activities  ",Yes,Unknown,,,,No,No,No,No,No,,No,No,Myanmar: Telenor,Yes,https://www.telenor.com/network-restored-in-eight-townships-in-myanmar/,,No,Yes,Unknown,Ethnic minorities,,No,"Predominantly Rohingya, residents in Myanmar’s Chin and Rakhine states have been suffering through lengthy internet shutdowns and slowdowns since June 2019. As another obstacle to internet access for minority communities, authorities in Myanmar deactivated more than 34 million SIM cards this year, after people failed to reregister them with National Registration Card (NRC) numbers.",https://www.accessnow.org/elections-in-myanmar-government-must-reinstate-full-internet-keep-it-on/,
8/5/2019,Ended,2/5/2021,India,"It affected more than one city in the same state, province, or region",Jammu and Kashmir,Throttle,Mobile,Full network,Executive government,,Political instability,,News media article,https://indianexpress.com/article/india/jk-4g-internet-mobile-timeline-7176408/; https://www.washingtonpost.com/world/asia_pacific/indias-internet-shutdown-in-kashmir-is-now-the-longest-ever-in-a-democracy/2019/12/15/bb0693ea-1dfc-11ea-977a-15a6710ed6da_story.html; http://jkhome.nic.in/pdf/07(TSTS)%20of%202021%20dated%2005.02.2021.pdf; http://jkhome.nic.in/pdf/02(TSTS)%20of%202021%20dated%2022.01.2021.pdf; http://jkhome.nic.in/pdf/01(TSTS)of2021_0001.pdf,National security/ Counter-terrorism,,Yes,Yes,"Yes. During 2021 the government issued Orders 01(TSTS) OF 2021, 02(TSTS) OF 2021, and 07(TSTS) of 2021, which referred to this incident. In 2021, mobile internet was still throttled until 05 of February, in most districts of Jammu and Kashmir.",http://jkhome.nic.in/pdf/07(TSTS)%20of%202021%20dated%2005.02.2021.pdf;,,No,No,No,No,No,,No,No,,Unknown,,,No,Unknown,Unknown,,,No,"During 2021 the government issued Orders 01(TSTS) OF 2021, 02(TSTS) OF 2021, and 07(TSTS) of 2021, which referred to the ongoing mobile internet throttling. It ended by 05 of February. Before then, most districts of Jammu and Kashmir only had 2g mobile internet during 2021. In previous years and continuous to this event, there were full broadband and mobile shutdowns.",https://www.accessnow.org/after-a-partial-restoration-of-internet-access-in-jammu-kashmir-access-now-urges-full-access/,
11/4/2020,Ongoing,,Ethiopia,"It affected locations in more than one state, province, or region",Tigray,Shutdown,"Broadband, Mobile",Full network,Unknown,,Political instability,Civil war in Tigray region,News media article,https://www.youtube.com/watch?v=uEoa-7J6zpY; https://www.business-humanrights.org/en/latest-news/ethiopia-jakenn-publishing-urges-govt-says-current-internet-shutdown-threats-access-to-information-on-ongoing-conflict-in-tigray-region/; https://twitter.com/accessnow/status/1323964706382643200; https://cpj.org/2021/05/journalists-shutdowns-myanmar-ethiopia-kashmir/,Sabotage/ Third-party Action,https://www.youtube.com/watch?v=uEoa-7J6zpY,Yes,No,,,,No,No,No,No,No,,No,No,,Yes,,,No,Yes,Yes,,,No,"Full shutdown is ongoing in the Tigray region during a civil war. This happened at the start of the conflict and the government blamed the Tigray military forces for destruction of infrastructure. Nevertheless, after promises of restoration of services by the National Government, the internet services remain inaccessible in Tigray, amid various reports of human rights abuses.",,
12/30/2020,Ended,1/5/2021,India,"It affected more than one city in the same state, province, or region",Shopian and Pulwama districts,Shutdown,Mobile,Full network,Local government,"Inspector General of the Kashmir Police, later confirmed by the Principal Secretary to the Government of J&K",Political instability,Security forces operation which resulted in an encounter and death of armed militants ,CSO KIO partners,https://thekashmirwalla.com/2021/01/in-kashmir-new-year-starts-with-internet-shutdown-in-two-districts/ ,National security/ Counter-terrorism,Security of the state and maintaining public order.,Yes,Yes,"Yes. The IGP justified the shutdown in national security and maintenance of the public order, considering the encounter among security forces and armed militants, which resulted in the death among the latter. ",http://jkhome.nic.in/pdf/146(TSTS)2020.pdf; ,,No,No,No,No,No,,No,No,,,,,No,Yes,Unknown,,,No,"A mobile internet shutdown occurred in Pulwama and Shopian district during and after a security forces operation resulting in the killing of three youth, alleged armed militants, in Srinagar.",,
1/11/2021,Ended,1/12/2021,Tajikistan,"It affected locations in more than one state, province, or region",,Shutdown,"Broadband, Mobile",Service-based,Unknown,,Unknown,,News media article,https://eurasianet.org/tajikistan-authorities-somehow-find-more-room-for-internet-censorship; https://rus.ozodi.org/a/31043869.html ,Unknown,,No,,,,,Yes,No,No,Yes,No,Gmail,No,No,,No,,,No,No,No,,,No,"Facebook, instagram and gmail were reported to be shutdown on Jan 11 and 12 across Tajikistan.  ",,
1/12/2021,Ongoing,,Uganda,"It affected locations in more than one state, province, or region",National,Shutdown,"Broadband, Mobile",Service-based,Executive government,,Elections,,News media article,https://www.nytimes.com/2021/01/13/world/africa/uganda-facebook-ban-elections.html; https://techjaja.com/govt-lifts-social-media-ban-but-there-is-a-catch/,Fake news/ Hate speech/ Incendiary content/ Promoting violence,Museveni claimed that Facebook was taking sides during the election. ,Yes,Unknown,,,,Yes,Yes,Yes,Yes,Yes,"Youtube, Signal",No,No,,Yes,,,Yes,No,Unknown,,,No,"Facebook and many other social media platforms were shutdown on Jan 12, preceding the national elections in Uganda. Some platforms were restored by Feb 10. Facebook remained blocked.",https://www.accessnow.org/the-world-is-watching-uganda-elections/,
1/13/2021,Ended,1/18/2021,Uganda,"It affected locations in more than one state, province, or region",National,Shutdown,"Broadband, Mobile",Full network,Executive government,Uganda Communications Commission issued the order to the ISPs,Elections,,CSO KIO partners,https://ooni.org/post/2021-uganda-general-election-blocks-and-outage/#facebooks-website; https://techjaja.com/govt-lifts-social-media-ban-but-there-is-a-catch/; https://www.accessnow.org/the-world-is-watching-uganda-elections/; https://www.accessnow.org/internet-shutdown-stories-from-uganda/; https://www.reuters.com/article/uganda-internet-rights/100-hours-in-the-dark-how-an-election-internet-blackout-hit-poor-ugandans-idUSL4N2JU2YQ; https://ooni.org/post/2021-uganda-general-election-blocks-and-outage/#facebooks-website; https://www.facebook.com/MTNUG/posts/5644233898936144,Fake news/ Hate speech/ Incendiary content/ Promoting violence,,Yes,No,,https://ooni.org/post/2021-uganda-general-election-blocks-and-outage/#facebooks-website,,No,No,Yes,No,No,,No,No,,Yes,,,Yes,No,Unknown,,,No,"The Uganda government ordered the shutdown of broadband and mobile services starting Jan 13, which lasted until Jan 18. This shutdown was preceded of a service-base shutdown that outlasted it (see other entry). ",https://www.accessnow.org/the-world-is-watching-uganda-elections/;,
1/25/2021,Unknown,,Iran (Islamic Republic of),"It affected locations in more than one state, province, or region",National,Shutdown,"Broadband, Mobile",Service-based,Unknown,,Unknown,,News media article,https://www.aljazeera.com/news/2021/1/26/iran-blocks-signal-messaging-app-after-whatsapp-exodus,Unknown,,No,,,,,No,No,No,No,No,Signal,No,No,,Unknown,,,No,No,No,,,No,Signal messaging services were blocked on Jan 25 after a large increasing downloads.,,
1/26/2021,Ended,1/26/2021,India,"It affected more than one city in the same state, province, or region",Kashmir Valley districts,Shutdown,Mobile,Full network,Local government,"Inspector General of the Kashmir Police, later confirmed by the Principal Secretary to the Government of J&K",Religious holiday/anniversary,"""The mobile internet telephone services have been temporarily suspended in the valley for ensuring peaceful Republic Day celebrations.""",CSO KIO partners,https://www.business-standard.com/article/current-affairs/internet-services-on-mobile-devices-suspended-in-kashmir-on-republic-day-121012600301_1.html,Precautionary measure,"Inspector General of Kashmir Police ordered a shutdown given the anniversary of the Republic Day to prevent strikes, protests and antinational activities. ",Yes,Yes,"Yes. Inspector General of Kashmir Police ordered a shutdown given the anniversary of the Republic Day to prevent strikes, protests and antinational activities. Order - 03 (TSTS) of 2021.",http://jkhome.nic.in/pdf/03(TSTS)2021.pdf,,No,No,No,No,No,,No,No,,No,,,No,No,No,,,No,"Internet mobile services were suspended in Kashmir Valley on the 26th January as a precautionary measure, given the anniversary of the Republic Day",,
1/26/2021,Ended,2/6/2021,India,"It affected locations in more than one state, province, or region","National Capital Territory of Dehli, and Western Uttar Pradesh / Ghazipur border site with Delhi",Shutdown,Mobile,Full network,Executive government,,Protests,Farmers protests during the Republic DAY,News media article,https://www.timesnownews.com/delhi/article/farmers-protest-govt-orders-shut-down-of-internet-services-in-parts-of-delhi-ncr-details-of-areas-affected/712140; https://indianexpress.com/article/india/farmers-protest-internet-shutdown-delhi-7162537/; https://telecom.economictimes.indiatimes.com/news/farmers-protest-indian-telcos-asked-to-suspend-internet-services-in-delhi-ncr-region/80465905; https://www.accessnow.org/internet-shutdown-in-delhi-on-indias-republic-day/; https://www.nationalheraldindia.com/national/govt-orders-internet-shutdown-in-areas-close-to-farmers-protest-sites-in-delhi; https://www.thequint.com/cyber/internet-shutdown-at-farmer-protest-sites-amplifying-misinformation-rumours; https://www.indiatoday.in/india/story/internet-suspended-ghazipur-border-adjoining-areas-farmers-protest-1764186-2021-01-30,Public safety/ Quell unrest / Restore public order,"""In the interest of maintaining public safety and averting public emergency, it is necessary and expedient to order the temporary suspension of the internet services in the areas of Singhu, Ghazipur, Tikri, Mukarba Chowk and Nangloi and their adjoining areas in the NCT of Delhi from 1200 hours to 23:59 hours on jan 26, 2021.""",Yes,Unknown,,https://indianexpress.com/article/india/farmers-protest-internet-shutdown-delhi-7162537/,,No,No,No,No,No,,Yes,No,,Yes,,,No,Unknown,Unknown,,,Unknown,"Government-mandated internet shutdowns in response to the #FarmersProtest. Mobile internet and SMS has been targeted in an attempt to block protester communication. The Internet has not been fully restored in most areas that were initially cut off on January 26, and the shutdowns have reportedly been extended in some areas until February 6.",https://www.accessnow.org/internet-shutdown-in-delhi-on-indias-republic-day/,
1/27/2021,Ended,2/1/2021,India,"It affected more than one city in the same state, province, or region",State of Haryana,Shutdown,Mobile,Full network,State government,,Protests,Farmers protests,CSO KIO partners,https://www.medianama.com/2021/01/223-internet-shutdown-haryana-farmer-protests/,Precautionary measure,Precautionary measure due to Farmers protests occurring in Delhi,Yes,Unknown,,https://www.newindianexpress.com/nation/2021/jan/31/haryana-government-extends-suspension-of-mobile-internet-in-14-districts-till-5-pm-on-february-1-2257632.html,"""This order has been issued to prevent any disturbance of peace and public order in the jurisdiction of these districts of Haryana. Any person who will be found guilty of violation of aforesaid order will be liable for legal action under relevant provisions.""",No,No,No,No,No,,Yes,No,,Unknown,,,No,No,No,,,No,"Internet was suspended in Jhajjhar, Sonipat and Palwal districts in Haryana on 27th January 2021. It was later suspended in 14 new districts in Haryana and the order of shutdown extended in 3 districts. Later, internet shutdown was further extended in the 17 districts till February 3rd.",,
1/27/2021,Ended,1/27/2021,Cuba,"It affected locations in more than one state, province, or region",National,Shutdown,"Broadband, Mobile",Full network,Unknown,,Protests,Protests in front of the Minister of Culture,News media article,https://latamjournalismreview.org/articles/cuba-sees-increase-of-124-in-violations-against-press-freedom-in-january-and-journalists-anticipate-trend-of-greater-repression/; https://cpj.org/2021/01/cuban-internet-access-cut-amid-free-expression-protest-journalist-harassed/; https://twitter.com/DougMadory/status/1354798601868816389,Unknown,,No,,,,,No,No,No,No,No,,No,No,,No,,,No,Yes,No,,,No,Internet was shutdown during 2 hours at Jan 27 during a protests in front of the Minister of Culture.,,
1/29/2021,Ended,1/30/2021,India,"It only affected one city, county, or village",Police district of Awantipora in Jammu and Kashmir,Shutdown,Mobile,Full network,Local government,"Inspector General of the Kashmir Police, later confirmed by the Principal Secretary to the Government of J&K",Political instability,Security forces operation which resulted in an encounter and death of armed militants ,Other,http://jkhome.nic.in/pdf/04(TSTS)2021.pdf,National security/ Counter-terrorism,Security of the state and maintaining public order.,Yes,Yes,"Yes. The IGP justified the shutdown in national security and maintenance of the public order, considering the encounter among security forces and armed militants, which resulted in the death among the latter. Order -  04(TSTS) of 2021.",http://jkhome.nic.in/pdf/04(TSTS)2021.pdf,,No,No,No,No,No,,No,No,,,,,No,Yes,Unknown,,,No,"A mobile internet shutdown occurred in Police district of awantipora during and after a security forces operation resulting in the killing of three youth, alleged armed militants, in Mandoora Tral, Awantipora.",,
1/29/2021,Ended,1/31/2021,India,"It affected more than one city in the same state, province, or region",District of Pulwama,Shutdown,Mobile,Full network,Local government,"Inspector General of the Kashmir Police, later confirmed by the Principal Secretary to the Government of J&K",Political instability,Security forces operation which resulted in an encounter and death of armed militants ,Other,http://jkhome.nic.in/pdf/05(TSTS)2021.pdf,National security/ Counter-terrorism,Security of the state and maintaining public order.,Yes,Yes,"Yes. The IGP justified the shutdown in national security and maintenance of the public order, considering the encounter among security forces and armed militants, which resulted in the death among the latter. Order -  05(TSTS) of 2021.",http://jkhome.nic.in/pdf/05(TSTS)2021.pdf,,No,No,No,No,No,,No,No,,No,,,No,Yes,Unknown,,,No,"A mobile internet shutdown occurred in Pulwama district during and after a security forces operation resulting in the killing of 2 alleged armed militants, in Lelhar, district of Pulwama.",,
1/31/2021,Ended,2/1/2021,Myanmar,"It affected locations in more than one state, province, or region",National,Shutdown,"Broadband, Mobile",Full network,Military,,Political instability,Military Coup,News media article,https://twitter.com/lawyerpants/status/1356034534408642562; ,Unknown,,Unknown,,,,,No,No,No,No,No,,Unknown,Yes,,Yes,https://www.telenor.com/media/announcement/statement-on-the-situation-in-myanmar,,No,Yes,Yes,,,No,The Military sent troops to IPSs and demand the shutdown of mobile and broadband services during the day of the Military coup.  ,https://www.accessnow.org/myanmar-internet-shutdown-military-coup/,
2/4/2021,Ongoing,,Myanmar,"It affected locations in more than one state, province, or region",National,Shutdown,"Broadband, Mobile",Service-based,Military,,Political instability,Military coup,CSO KIO partners,https://ooni.org/post/2021-myanmar-internet-blocks-and-outages/#methods,Unknown,,Unknown,,,,,Yes,Yes,Yes,Yes,No,,No,No,,Yes,https://www.telenor.com/directive-to-block-social-media-services-twitter-and-instagram-in-myanmar/,,No,Yes,Yes,,,No,"The Ministry of Communications of Myanmar issued orders to block Facebook, Instragram and Twitter on Feb 3 for the Facebook, and on Feb 5 for other two.",https://www.accessnow.org/update-internet-access-censorship-myanmar/,
2/5/2021,Ended,2/5/2021,India,"It affected more than one city in the same state, province, or region","South Kashmir (Anantnag, Shopian, Pulwama, Awantipora)",Shutdown,Mobile,Full network,Local government,"Inspector General of the Kashmir Police, later confirmed by the Principal Secretary to the Government of J&K",Religious holiday/anniversary,Kashmir Solidarity Day,Other,http://jkhome.nic.in/pdf/06(TSTS)2021.pdf,Precautionary measure,Precautionary measure due to Kashmir Solidarity day ,Yes,Yes,Yes. The IGP justified the shutdown as a precautionary measure for the maintenance of the public order due to Kashmir Solidarity Day. Order -  06(TSTS) of 2021.,http://jkhome.nic.in/pdf/06(TSTS)2021.pdf,,No,No,No,No,No,,No,No,,,,,No,No,No,,,No,The government order a mobile internet shutdown in the districts of South Kashmir as a precautionary measure during the Kashmir Solidarity day.,,
2/6/2021,Ended,2/7/2021,Myanmar,"It affected locations in more than one state, province, or region",National,Shutdown,"Broadband, Mobile",Full network,Military,,Protests,,CSO KIO partners,https://ooni.org/post/2021-myanmar-internet-blocks-and-outages/#methods,Fake news/ Hate speech/ Incendiary content/ Promoting violence,"The government also justified it based on political instability, and maintenance of public order: https://www.telenor.com/media/press-release/myanmar-authorities-orders-nationwide-shutdown-of-the-data-network",Unknown,,,,,No,No,No,No,No,,No,No,,Yes,https://www.telenor.com/media/press-release/myanmar-authorities-orders-nationwide-shutdown-of-the-data-network,,No,Yes,Yes,,Protesters ,No,"The Military government issued orders to block mobile and fixed services on Feb 6, during protests against the coup.",,
2/16/2021,Ongoing,4/27/2021,Myanmar,"It affected locations in more than one state, province, or region",National,Shutdown,"Broadband, Mobile",Full network,Military,,Political instability,,CSO KIO partners,https://ooni.org/post/2021-myanmar-internet-blocks-and-outages/#outage-on-6th-february-2021,Unknown,,Unknown,,,,,No,No,No,No,No,,No,No," Telenor Group, Ooredoo, Mytel, Viettel Group, Myanmar National Telecom Holding Public Ltd ",Yes,https://www.telenor.com/sustainability/responsible-business/human-rights/mitigate/human-rights-in-myanmar/directives-from-authorities-in-myanmar-february-2021/,,No,Yes,Yes,,,No,"Mobile and fixed internet were shutdown in a curfew-style from around 1am to 9am, throughout the period of Feb 16 to April 27. On May 17, mobile services (wireless and mobile internet on phones) were shutdown and it is ongoing.",https://www.accessnow.org/update-internet-access-censorship-myanmar/,
2/18/2021,Ended,2/19/2021,India,"It affected more than one city in the same state, province, or region",Shopian district in Jammu and Kashmir,Shutdown,Mobile,Full network,Local government,"Inspector General of the Kashmir Police, later confirmed by the Principal Secretary to the Government of J&K",Political instability,Security forces operation which resulted in an encounter and death of armed militants ,Other,http://jkhome.nic.in/pdf/08(TSTS)2021.pdf,National security/ Counter-terrorism,Security of the state and maintaining public order.,Yes,Yes,"Yes. The IGP justified the shutdown in national security and maintenance of the public order, considering the encounter among security forces and armed militants, which resulted in the death among the latter. Order -  08(TSTS) of 2021.",http://jkhome.nic.in/pdf/08(TSTS)2021.pdf,,No,No,No,No,No,,No,No,,,,,No,Yes,Unknown,,,No,"A mobile internet shutdown occurred in Shopian district during and after a security forces operation resulting in the killing of three alleged armed militants, in Badigam, Shopian.",,
2/22/2021,Ended,,Gabon,Not sure,,Shutdown,Unknown,Full network,Unknown,,Protests,,Confidential,https://www.defenceweb.co.za/security/civil-security/two-killed-as-gabon-citizens-protest-coronavirus-restrictions/,Unknown,,No,,,,,No,No,No,No,No,,No,No,,No,,,No,Yes,Yes,,,No,There was a shutdown during protests against government covid-measures.,,
2/24/2021,Ended,2/24/2021,India,"It only affected one city, county, or village",District Anantnag,Shutdown,Mobile,Full network,Local government,"Inspector General of the Kashmir Police, later confirmed by the Principal Secretary to the Government of J&K",Political instability,Security forces operation which resulted in an encounter and death of alleged armed militants ,Other,http://jkhome.nic.in/pdf/09(TSTS)2021.pdf,National security/ Counter-terrorism,Security of the state and maintaining public order.,Yes,Yes,"Yes. The IGP justified the shutdown in national security and maintenance of the public order, considering the encounter among security forces and armed militants, which resulted in the death among the latter. Order -  09(TSTS) of 2021.",http://jkhome.nic.in/pdf/09(TSTS)2021.pdf,,No,No,No,No,No,,No,No,,,,,No,Yes,No,,,No,"A mobile internet shutdown occurred in Anantnag district during and after a security forces operation resulting in the killing of three alleged armed militants, in Anantnag.",,
2/24/2021,Ended,2/28/2021,Iran (Islamic Republic of),"It affected more than one city in the same state, province, or region",Sistan and Baluchistan,Shutdown,"Broadband, Mobile",Full network,Unknown,,Protests,,CSO KIO partners,https://twitter.com/maasalan/status/1365751866274033665?s=21; https://twitter.com/Ammir/status/1364660934036361217; https://www.accessnow.org/iran-blackout-2021-internet-shutdowns-sistan-baluchistan/;,Unknown,,No,,,,,No,No,No,No,No,,No,No,,No,,,No,No,No,,,No,Broadband and mobile services were shutdown in Sistan-Baluchistan after protests.,,
2/24/2021,Ended,3/5/2021,Niger,"It affected locations in more than one state, province, or region",,Shutdown,Mobile,Full network,Unknown,,Elections,Mobile internet was shutdown after release of results of the run-off election,News media article,https://www.accessnow.org/niger-election-internet-blackout/; https://twitter.com/DougMadory/status/1364589910888509442; https://ioda.caida.org/@jBP; https://www.fastly.com/blog/impact-of-mobile-internet-disruption-in-niger,Unknown,,No,,,,,No,No,No,No,No,,No,No,,Unknown,,,Yes,Unknown,Unknown,,,No,Mobile internet access was shutdown after results of the run-off election in Niger and restored after 10 days.,https://www.accessnow.org/niger-election-internet-blackout/,
2/27/2021,Ended,3/3/2021,Chad,"It affected locations in more than one state, province, or region",Ndjamena and some provinces,Shutdown,"Broadband, Mobile",Full network,Unknown,,Protests,,CSO KIO partners,https://www.aljazeera.com/news/2021/3/1/chad-opposition-leader-quits-presidential-race-after-shootout; https://www.facebook.com/1743317875927798/posts/2809730249286550/?_rdc=1&_rdr,Unknown,,No,,,,,No,No,No,No,No,,Unknown,Unknown,"Chad: Airtel (Bharti Airtel), Moov Africa Tchad",No,,,Yes,Yes,Yes,,,No,Mobile and fixed internet were shutdown on Feb 27 during unrests and a clamp down on opposition. Mobile phone services were slow.,,
3/4/2021,Ended,3/5/2021,Senegal,"It affected locations in more than one state, province, or region",nationwide,Shutdown,"Broadband, Mobile",Service-based,Unknown,,Protests,Senegal restricts internet as protests over rape allegation against opposition leader escalate,CSO KIO partners,https://www.bloomberg.com/news/articles/2021-03-05/senegal-shuts-down-tv-stations-internet-disrupted-amid-protests; https://www.cnn.com/2021/03/05/africa/senegal-protests-rape-charge-intl/index.html; https://www.fastcompany.com/90615398/free-senegal-internet-shutdown-democracy; https://www.fastcompany.com/90615398/free-senegal-internet-shutdown-democracy,Unknown,,No,,,,,Yes,Unknown,Yes,Unknown,Yes,Youtube,No,No,,No,,,No,Yes,Yes,,,No,Service-based shutdowns occurred in Senegal amid protests against legal accusations of rape against opposition leader.,,
3/5/2021,Ended,3/5/2021,Chad,"It only affected one city, county, or village",the capital city of N'djamena,Shutdown,"Broadband, Mobile",Full network,Unknown,,Protests,,CSO KIO partners,https://twitter.com/adelph36/status/1367814641657786374?s=20; https://twitter.com/adelph36/status/1368158711911481346?s=20; https://www.alwihdainfo.com/Tchad-coupure-de-l-acces-a-Internet_a101097.html; https://tchadinfos.com/politique/tchad-ndjamena-a-nouveau-deconnectee-dinternet/; ,Unknown,,No,,,,,No,No,No,No,No,,No,No,,No,,,No,Unknown,Unknown,,,No,Mobile and broadband internet were shutdown tat the capital city of N'djamena  from period of March 5-6 2021-,,
3/8/2021,Ended,,India,"It only affected one city, county, or village","Bhainsa, in Andhra Pradesh",Shutdown,Mobile,Full network,Unknown,,Communal violence,,CSO KIO partners,https://www.thehindu.com/news/national/telangana/post-clashes-internet-services-suspended-in-bhainsa/article34020478.ece,Unknown,,Unknown,,,,,No,No,No,No,No,,Unknown,Unknown,,Unknown,,,No,Yes,Yes,,,No,"Prohibitory orders were clamped and internet services suspended by the authorities at Bhainsa town in Nirmal district, following communal clashes between two groups. ",,
3/10/2021,Ended,3/11/2021,India,"It only affected one city, county, or village",Anantnag,Shutdown,Mobile,Full network,Local government,"Inspector General of the Kashmir Police, later confirmed by the Principal Secretary to the Government of J&K",Political instability,Security forces operation which resulted in an encounter and death of alleged armed militants ,Other,https://thekashmirwalla.com/2021/03/internet-snapped-in-anantnag-amid-gunfight/,National security/ Counter-terrorism,Security of the state and maintaining public order.,Yes,Yes,"Yes. The IGP justified the shutdown in national security and maintenance of the public order, considering the encounter among security forces and armed militants, which resulted in the death among the latter. Order -  10(TSTS) of 2021.",http://jkhome.nic.in/pdf/10(TSTS)2021.pdf,,No,No,No,No,No,,No,No,,No,,,No,Yes,Unknown,,,No,Mobile internet services were snapped in Anantnag district of south Kashmir amid an intermittent gunfight between militants and government forces in Bijbehera area.,,
3/10/2021,Ongoing,,Russian Federation,"It affected locations in more than one state, province, or region",National,Throttle,"Broadband, Mobile",Full network,Executive government,Roskomnadzor,Other,Pressure Twitter to comply with Government take down orders.,News media article,https://rkn.gov.ru/news/rsoc/news73464.htm; https://www.accessnow.org/russia-throttled-twitter/; https://censoredplanet.org/throttling,Illegal content,"Roskomnadzor announced that it would slow down Twitter on “100 percent of mobile services and 50 percent desktop services"" claiming that the social media company did not delete over 3,000 materials the authorities deemed unlawful.",Yes,Yes,,https://rkn.gov.ru/news/rsoc/news73464.htm,,No,Yes,No,No,No,,No,No,,Unknown,,,No,No,No,,,Yes,"Roskomnadzor announced that it would slow down Twitter on “100 percent of mobile services and 50 percent desktop services"" claiming that the social media company did not delete over 3,000 materials the authorities deemed unlawful. On May 17, Russia announced that it would not block Twitter entirely because the company complied with deleting more than 91% of flagged content.",https://www.accessnow.org/russia-throttled-twitter/,"Since May 17, 2021, the Twitter ban was partially halted, with the mobile version of the service is still slowed down. https://www.reuters.com/technology/russia-partially-lifts-restrictions-twitter-after-some-banned-content-deleted-2021-05-17/"
3/13/2021,Ended,3/15/2021,India,"It only affected one city, county, or village","Shopian district, in Jammu and Kashmir",Shutdown,Mobile,Full network,Local government,"Inspector General of the Kashmir Police, later confirmed by the Principal Secretary to the Government of J&K",Political instability,Security forces operation which resulted in an encounter and death of alleged armed militants ,Other,http://jkhome.nic.in/pdf/11(TSTS)2021.pdf,National security/ Counter-terrorism,Security of the state and maintaining public order.,Yes,Yes,"Yes. The IGP justified the shutdown in national security and maintenance of the public order, considering the encounter among security forces and armed militants, which resulted in the death among the latter. Order -  11(TSTS) of 2021.",http://jkhome.nic.in/pdf/11(TSTS)2021.pdf,,No,No,No,No,No,,No,No,,No,,,No,Yes,No,,,No,"A mobile internet shutdown occurred in Shopian district during and after a security forces operation resulting in the killing of three alleged armed militants, in Rawalpora, Shopian.",,
3/15/2021,Ended,,Jordan,Not sure,,Throttle,"Broadband, Mobile",Service-based,Unknown,,Protests,Protests against government response to covid-19.,CSO KIO partners,"https://jordanopensource.org/blog/74/josa-in-light-of-the-latest-internet-shutdowns-the-right-to-internet-access-without-restrictions-must-be-ensured; https://www.accessnow.org/jordanprotests/; https://arabic.rt.com/middle_east/1211951-%D8%B1%D9%88%D9%8A%D8%AA%D8%B1%D8%B2-%D8%A7%D9%84%D8%B4%D8%B1%D8%B7%D8%A9-%D8%A7%D9%84%D8%A3%D8%B1%D8%AF%D9%86%D9%8A%D8%A9-%D8%AA%D8%B3%D8%AA%D8%AE%D8%AF%D9%85-%D8%A7%D9%84%D8%BA%D8%A7%D8%B2-%D8%A7%D9%84%D9%85%D8%B3%D9%8A%D9%84-%D9%84%D9%84%D8%AF%D9%85%D9%88%D8%B9-%D9%84%D8%AA%D9%81%D8%B1%D9%8A%D9%82-%D8%A7%D8%AD%D8%AA%D8%AC%D8%A7%D8%AC%D8%A7%D8%AA-%D8%B9%D9%84%D9%89-%D8%A7%D9%84%D8%A5%D8%BA%D9%84%D8%A7%D9%82/ 
 ",Unknown,,No,,,,,Yes,No,No,No,No,,No,No,,No,,,No,Yes,Unknown,,,No,Service-based shutdown targeting Facebook Live Streaming in reaction to protests against government due to its response to covid-19.,,https://www.accessnow.org/jordanprotests/
3/16/2021,Ongoing,,China,"It affected locations in more than one state, province, or region",Nationwide except for HK SAR,Shutdown,"Broadband, Mobile",Service-based,Executive government,,Information control,,News media article,https://techcrunch.com/2021/03/15/signal-is-down-in-china/ ,Unknown,,No,,,,,No,No,No,No,No,Signal,No,No,"China Telecom, China Unicom, China Mobile",,,,No,No,No,,,No,Signal app was shutdown in China after a surge in downloads in Feb/March.,,
3/20/2021,Ended,3/23/2021,Congo,"It affected locations in more than one state, province, or region",National,Shutdown,"Broadband, Mobile",Full network,Executive government,,Elections,,CSO KIO partners,https://www.accessnow.org/congo-keepiton-election/; https://twitter.com/accessnow/status/1373657085221740547; https://twitter.com/DougMadory/status/1374729708319965184?s=20,Unknown,,Unknown,,,,,No,No,No,No,No,,No,No,"Congo: Airtel (Bharti Airtel), Congo: Azur (Bintel), Congo: MTN",No,,,Yes,No,No,,,No,Congo suffered a full shutdown during its election at March 20 and a few days after.,https://www.accessnow.org/congo-keepiton-election/,
3/21/2021,Ended,3/22/2021,India,"It only affected one city, county, or village","District of Shopian, in Jammu and Kashmir",Shutdown,Mobile,Full network,Local government,"Inspector General of the Kashmir Police, later confirmed by the Principal Secretary to the Government of J&K",Political instability,Security forces operation which resulted in an encounter and death of alleged armed militants ,Other,http://jkhome.nic.in/pdf/12(TSTS)2021.pdf,National security/ Counter-terrorism,Security of the state and maintaining public order.,Yes,Yes,"Yes. The IGP justified the shutdown in national security and maintenance of the public order, considering the encounter among security forces and armed militants, which resulted in the death among the latter. Order -  12(TSTS) of 2021.",http://jkhome.nic.in/pdf/12(TSTS)2021.pdf,,No,No,No,No,No,,No,No,,No,,,No,Yes,Unknown,,,No,"A mobile internet shutdown occurred in Shopian district during and after security forces operation resulting in the killing of four alleged armed militants, Manihal, Shopian.",,
3/25/2021,Ended,3/25/2021,Belarus,"It affected locations in more than one state, province, or region",,Shutdown,"Broadband, Mobile",Service-based,Executive government,Ministry of Information,Unknown,,CSO KIO partners,https://twitter.com/natynettle/status/1375192680054022145,Technical problems/ Infrastructure failure,Collateral blocking,Yes,Unknown,,,,Yes,Yes,No,No,No,,No,No,,Unknown,,,No,No,No,,,No,Facebook and twitter were blocked for a few hours after the Minister of Information tried to block specific pages in the platforms.,,
3/26/2021,Ended,3/26/2021,Bangladesh,"It affected locations in more than one state, province, or region",,Shutdown,"Broadband, Mobile",Service-based,Unknown,,Protests,Protests during India's Prime Minister Modi visited Bangladesh ,News media article,https://www.thedailystar.net/bangladesh/news/amid-modi-visit-facebook-says-services-restricted-bangladesh-2067693,Unknown,,Unknown,,,,,Yes,No,No,No,No,Messenger,No,No,,Unknown,,,No,Unknown,Unknown,,,No,Facebook and facebook messenger were shutdown during protests amid India's Prime Minister Modi visit to Bangladesh.,,
3/27/2021,Ended,3/27/2021,India,"It only affected one city, county, or village","Shopian district, in Jammu and Kashmir",Shutdown,Unknown,Full network,Unknown,,Political instability,Security forces operation which resulted in an encounter and death of alleged armed militants ,News media article,https://in.news.yahoo.com/two-militants-soldier-killed-gunfight-182754444.html; https://www.risingkashmir.com/home/news_description/374213/2-militants-soldier-killed-in-Shopian-encounter,Precautionary measure,,Unknown,,,,,No,No,No,No,No,,No,No,,No,,,No,Yes,Unknown,,,No,"The internet service was snapped in the entire Shopian district as a precautionary measure to an encounter between security forces and alleged terrorists, which resulted in the death of 2 of the latter.",,
3/27/2021,Ended,3/28/2021,Kazakhstan,"It affected locations in more than one state, province, or region",,Shutdown,"Broadband, Mobile",Service-based,Unknown,,Protests,,CSO KIO partners,https://t.me/s/internetkz; https://t.me/heraks2net/30,Unknown,,No,,,,,Yes,No,Yes,Yes,Yes,,No,No,,No,,,No,No,No,,,No,"Social media platforms (Facebook, Instagram, Whatsapp, Telegram) were shutdown during protests against the government.",,
3/28/2021,Ended,3/28/2021,Kazakhstan,"It affected locations in more than one state, province, or region",Cities of Almaty and Nur-Sultan,Shutdown,"Broadband, Mobile","Full network, Service-based",Unknown,,Protests,,CSO KIO partners,https://www.accessnow.org/internet-shutdowns-kazakhstan-feb-28-protests/; https://www.aljazeera.com/news/2021/2/28/dozens-detained-at-kazakhstan-political-prisoner-protest ,Unknown,,No,,,,,No,No,No,No,No,,No,No,,No,,,No,Yes,Yes,,,No,"The complete shutdown coincides with the anti-government protests in several Kazakh cities calling for the release of political prisoners, following a resolution passed by the European Parliament on human rights in the country. The authorities responded with violence and detained approximately 50 protesters. ",https://www.accessnow.org/internet-shutdowns-kazakhstan-feb-28-protests/,
4/2/2021,Ended,,India,"It only affected one city, county, or village","Pulwama district, in Jammu and Kashmir",Shutdown,Mobile,Full network,Unknown,,Political instability,Security forces operation which resulted in an encounter and death of alleged armed militants ,Other,https://www.uniindia.com/pulwama-encounter-3-militants-killed-operation-continues/north/news/2359978.html; https://kashmirpulse.com/jk/kashmir/shutdown-in-pulwama-after-kakapora-gunfight/58471.html,Unknown,,Unknown,,,,,No,No,No,No,No,,No,No,,No,,,No,Yes,Unknown,,,No,Mobile internet services were suspended in Pulwama to prevent rumours amidst the encounter. ,,
4/5/2021,Ended,,India,"It only affected one city, county, or village",Sopore police district in Baramulla district of Jammu and Kashmir,Shutdown,Unknown,Full network,Local government,,Political instability,Security forces operation which resulted in an encounter and death of armed militants ,CSO KIO partners,https://timesofindia.indiatimes.com/india/2-lashkar-terrorists-killed-in-sopore-encounter/articleshow/82397144.cms;,Unknown,,Unknown,,,,,No,No,No,No,No,,No,No,,No,,,No,Yes,Unknown,,,No,Internet services were suspended during an encounter between security forces and alleged armed militants in Baramulla district in Kashmir. ,,
4/8/2021,Ended,,India,"It affected more than one city in the same state, province, or region","Shopian and Pulwama districts, in Jammu and Kashmir",Shutdown,Mobile,Full network,Unknown,Security forces operation which resulted in an encounter and death of alleged armed militants ,Political instability,,CSO KIO partners,https://www.indiatoday.in/india/story/encounter-breaks-out-in-south-kashmir-s-shopian-town-2-3-terrorists-trapped-1788658-2021-04-08,Unknown,,Unknown,,,,,No,No,No,No,No,,No,No,,No,,,No,Yes,Unknown,,,No,,,
4/11/2021,Ended,4/13/2021,India,"It only affected one city, county, or village","Chhabra town, Baran district of Rajasthan's ",Shutdown,"Broadband, Mobile",Full network,Unknown,Divisional Commissioner,Communal violence,"According to police, the riots erupted after two men from the Gujjar community were allegedly stabbed by members of the Muslim community following an argument late on Saturday. Mobile internet was suspended on Sunday, April 11 until April 13.",News media article,https://www.daijiworld.com/news/newsDisplay?newsID=822918; https://www.hindustantimes.com/cities/jaipur-news/rajasthan-curfew-imposed-internet-suspended-after-riots-101618169951058.html; https://www.indiatoday.in/india/story/violence-baran-rajasthan-curfew-internet-suspended-1789884-2021-04-12,Public safety/ Quell unrest / Restore public order,,Yes,Unknown,,,,No,No,No,No,No,,No,No,,No,,,No,No,No,,,No,"According to police, the riots erupted after two men from the Gujjar community were allegedly stabbed by members of the Muslim community following an argument late on Saturday. Mobile and broadband internet was suspended on Sunday, April 11 until April 13.",,
4/16/2021,Ended,4/16/2021,Pakistan,"It affected locations in more than one state, province, or region",National,Shutdown,"Broadband, Mobile",Service-based,Executive government,Ministry of Interior,Protests,Social media was shutdown as authorities cracked down on protests against Charlie Hebdo cartoons,News media article,https://www.ft.com/content/df26e1d8-2221-46a1-9223-49df71302d57; https://pbs.twimg.com/media/EzFAX1LVEAUjMNQ.jpg; https://twitter.com/usamakhilji/status/1382957348008824832; https://transparencyreport.google.com/traffic/overview?fraction_traffic=start:1617408000000;end:1619654399999;product:21;region:PK&lu=fraction_traffic,Fake news/ Hate speech/ Incendiary content/ Promoting violence,,Yes,,,,,Yes,Yes,Yes,Unknown,Yes,Youtube,No,No,,Yes,https://www.ft.com/content/df26e1d8-2221-46a1-9223-49df71302d57,,No,No,No,,,,"Social media were shutdown in anticipation of anti-government protests by recently banned right-wing political party which apposed the government's retreat in an agreement to expel the French Ambassador, as the government responses to the charges of Charlie Hebdo. 
",,
5/6/2021,Ended,,India,"It only affected one city, county, or village",Shopian district of Jammu and Kashmir ,Shutdown,Unknown,Full network,Local government,,Political instability,Security forces operation which resulted in an encounter and death of armed militants ,CSO KIO partners,https://www.news18.com/news/india/3-killed-in-encounter-between-security-forces-and-militants-in-j-ks-shopian-3711194.html,Unknown,,Unknown,,,,,No,No,No,No,No,,No,No,,No,,,No,Yes,Unknown,,,No,Mobile internet was shutdown in Shopian district amidst an encounter that took place in the region.,,
5/12/2021,Ended,5/25/2021,"Palestine, State of","It affected more than one city in the same state, province, or region",Gaza strip,"Shutdown, Throttle","Broadband, Mobile",Full network,Non-government,Military of the State of Israel ,Other,"Military conflict, Bombing of infrastructure",CSO KIO partners,"https://www.theguardian.com/world/2021/may/15/israeli-strikes-destroy-gaza-jalaa-tower-media-al-jazeera-associated-press; https://twitter.com/maasalan/status/1394221825723412482; https://twitter.com/DougMadory/status/1393940954604883972; https://twitter.com/caida_ioda/status/1393959216595959810?s=21;
https://smex.org/israeli-airstrikes-destroyed-internet-infrastructure-in-gaza-report/",Sabotage/ Third-party Action,Military target ,No,,,,,No,No,No,No,No,,No,No,,Unknown,,,No,Yes,Yes,,,No,"There was a full shutdown among some telecommunication companies at the Gaza strip,  after Israeli Airforce bombings in the region (electrictiy outage as well). One of the the internet outages started at the same time as the bombing of the Al-Jalaa tower, where Associated Press and Al Jazeera operated, as well as Telecoms (May 15). The bombing of the Al-Jawahra tower also affected telecom operators with infrastructure in the building (May 12).  ",,
5/16/2021,Ended,5/16/2021,Ethiopia,"It affected locations in more than one state, province, or region",,Shutdown,"Broadband, Mobile",Service-based,Unknown,,Unknown,,Confidential,,Unknown,https://www.reuters.com/world/africa/social-media-restricted-ethiopia-netblocks-says-2021-05-17/,No,,,,,Yes,No,Yes,Yes,No,,No,,Ethiopia: Ethio Telecom,No,,,No,No,No,,,No,Facebook services were shutdown on May 16 and restored May 17 in Ethiopia.,,
5/17/2021,Ended,,India,"It only affected one city, county, or village",Pulwama district in Jammu and Kashmir,Shutdown,Unknown,Full network,Local government,,Political instability,Security forces operation in Pulwama,CSO KIO partners,https://thekashmirimages.com/2021/05/17/no-internet-in-pulwama-students-urge-ku-to-postpone-online-test/,Unknown,,Unknown,,,,,No,No,No,No,No,,No,No,,No,,,No,Yes,Unknown,Students who are scheduled to take exams online,,No,Internet services have been snapped in the Pulwama Kashmir district following a gunfight in Khanmoh area.,,
5/31/2021,Ended,5/31/2021,Syrian Arab Republic,"It affected locations in more than one state, province, or region",nationwide,Shutdown,"Broadband, Mobile",Full network,Executive government,The Minister of Education Darem Tabbaa,Exam cheating,General Examination for the High School students in Syria,Confidential,"https://smex.org/another-internet-blackout-in-syria-during-exams/
https://twitter.com/SkySyria_org/status/1398679949683347462; https://www.zarkachat.com/general-exam-internet-syria-2021; https://twitter.com/Thevoicesyria1/status/1398595420079730693; https://twitter.com/khalediskef/status/1398592990487121921; https://twitter.com/DougMadory/status/1399432052743852033",School exams,Prevent exam cheating during National High School Exams,Yes,Unknown,,https://www.zarkachat.com/general-exam-internet-syria-2021/,,No,No,No,No,No,,No,No,Syrian Telecom,Unknown,,,No,No,No,,,Yes,The Syrian government shut down mobile and fixed internet across the country during the General Examination for High School students. This was the first of a series of scheduled shutdowns.,,